[
  {
    "id": "14f7fb66-49a0-4dd9-8146-266b3246597b",
    "data": [
      {
        "text": "5",
        "meta": "@rate",
        "alias": "rate",
        "userDefined": false
      }
    ],
    "isTemplate": false,
    "count": 0,
    "lang": "en",
    "updated": 0
  },
  {
    "id": "88e5a54d-f854-4e38-a570-ef0fc57daf2f",
    "data": [
      {
        "text": "4",
        "meta": "@rate",
        "alias": "rate",
        "userDefined": false
      }
    ],
    "isTemplate": false,
    "count": 0,
    "lang": "en",
    "updated": 0
  },
  {
    "id": "ff61a983-26d5-434f-8f38-1cb1be5f24d0",
    "data": [
      {
        "text": "3",
        "meta": "@rate",
        "alias": "rate",
        "userDefined": false
      }
    ],
    "isTemplate": false,
    "count": 0,
    "lang": "en",
    "updated": 0
  },
  {
    "id": "fa3a0c30-958f-4e3a-afeb-1a7594e95f6d",
    "data": [
      {
        "text": "2",
        "meta": "@rate",
        "alias": "rate",
        "userDefined": false
      }
    ],
    "isTemplate": false,
    "count": 0,
    "lang": "en",
    "updated": 0
  },
  {
    "id": "366b8f88-0cc0-480e-9778-807c11ef1d35",
    "data": [
      {
        "text": "1",
        "meta": "@rate",
        "alias": "rate",
        "userDefined": false
      }
    ],
    "isTemplate": false,
    "count": 0,
    "lang": "en",
    "updated": 0
  }
]